indicator_code,county,year,value,source
mobile_broadband_subs,Bomi,2026,,
mobile_broadband_subs,Bong,2026,,
mobile_broadband_subs,Gbarpolu,2026,,
mobile_broadband_subs,Grand Bassa,2026,,
mobile_broadband_subs,Grand Cape Mount,2026,,
mobile_broadband_subs,Grand Gedeh,2026,,
mobile_broadband_subs,Grand Kru,2026,,
mobile_broadband_subs,Lofa,2026,,
mobile_broadband_subs,Margibi,2026,,
mobile_broadband_subs,Maryland,2026,,
mobile_broadband_subs,Montserrado,2026,,
mobile_broadband_subs,Nimba,2026,,
mobile_broadband_subs,River Cess,2026,,
mobile_broadband_subs,River Gee,2026,,
mobile_broadband_subs,Sinoe,2026,,
fixed_broadband_subs,Bomi,2026,,
fixed_broadband_subs,Bong,2026,,
fixed_broadband_subs,Gbarpolu,2026,,
fixed_broadband_subs,Grand Bassa,2026,,
fixed_broadband_subs,Grand Cape Mount,2026,,
fixed_broadband_subs,Grand Gedeh,2026,,
fixed_broadband_subs,Grand Kru,2026,,
fixed_broadband_subs,Lofa,2026,,
fixed_broadband_subs,Margibi,2026,,
fixed_broadband_subs,Maryland,2026,,
fixed_broadband_subs,Montserrado,2026,,
fixed_broadband_subs,Nimba,2026,,
fixed_broadband_subs,River Cess,2026,,
fixed_broadband_subs,River Gee,2026,,
fixed_broadband_subs,Sinoe,2026,,
gender_access_gap,Bomi,2026,,
gender_access_gap,Bong,2026,,
gender_access_gap,Gbarpolu,2026,,
gender_access_gap,Grand Bassa,2026,,
gender_access_gap,Grand Cape Mount,2026,,
gender_access_gap,Grand Gedeh,2026,,
gender_access_gap,Grand Kru,2026,,
gender_access_gap,Lofa,2026,,
gender_access_gap,Margibi,2026,,
gender_access_gap,Maryland,2026,,
gender_access_gap,Montserrado,2026,,
gender_access_gap,Nimba,2026,,
gender_access_gap,River Cess,2026,,
gender_access_gap,River Gee,2026,,
gender_access_gap,Sinoe,2026,,
internet_penetration,Bomi,2026,,
internet_penetration,Bong,2026,,
internet_penetration,Gbarpolu,2026,,
internet_penetration,Grand Bassa,2026,,
internet_penetration,Grand Cape Mount,2026,,
internet_penetration,Grand Gedeh,2026,,
internet_penetration,Grand Kru,2026,,
internet_penetration,Lofa,2026,,
internet_penetration,Margibi,2026,,
internet_penetration,Maryland,2026,,
internet_penetration,Montserrado,2026,,
internet_penetration,Nimba,2026,,
internet_penetration,River Cess,2026,,
internet_penetration,River Gee,2026,,
internet_penetration,Sinoe,2026,,
mobile_subscriptions,Bomi,2026,,
mobile_subscriptions,Bong,2026,,
mobile_subscriptions,Gbarpolu,2026,,
mobile_subscriptions,Grand Bassa,2026,,
mobile_subscriptions,Grand Cape Mount,2026,,
mobile_subscriptions,Grand Gedeh,2026,,
mobile_subscriptions,Grand Kru,2026,,
mobile_subscriptions,Lofa,2026,,
mobile_subscriptions,Margibi,2026,,
mobile_subscriptions,Maryland,2026,,
mobile_subscriptions,Montserrado,2026,,
mobile_subscriptions,Nimba,2026,,
mobile_subscriptions,River Cess,2026,,
mobile_subscriptions,River Gee,2026,,
mobile_subscriptions,Sinoe,2026,,
rural_connectivity,Bomi,2026,,
rural_connectivity,Bong,2026,,
rural_connectivity,Gbarpolu,2026,,
rural_connectivity,Grand Bassa,2026,,
rural_connectivity,Grand Cape Mount,2026,,
rural_connectivity,Grand Gedeh,2026,,
rural_connectivity,Grand Kru,2026,,
rural_connectivity,Lofa,2026,,
rural_connectivity,Margibi,2026,,
rural_connectivity,Maryland,2026,,
rural_connectivity,Montserrado,2026,,
rural_connectivity,Nimba,2026,,
rural_connectivity,River Cess,2026,,
rural_connectivity,River Gee,2026,,
rural_connectivity,Sinoe,2026,,
urban_connectivity,Bomi,2026,,
urban_connectivity,Bong,2026,,
urban_connectivity,Gbarpolu,2026,,
urban_connectivity,Grand Bassa,2026,,
urban_connectivity,Grand Cape Mount,2026,,
urban_connectivity,Grand Gedeh,2026,,
urban_connectivity,Grand Kru,2026,,
urban_connectivity,Lofa,2026,,
urban_connectivity,Margibi,2026,,
urban_connectivity,Maryland,2026,,
urban_connectivity,Montserrado,2026,,
urban_connectivity,Nimba,2026,,
urban_connectivity,River Cess,2026,,
urban_connectivity,River Gee,2026,,
urban_connectivity,Sinoe,2026,,
youth_access,Bomi,2026,,
youth_access,Bong,2026,,
youth_access,Gbarpolu,2026,,
youth_access,Grand Bassa,2026,,
youth_access,Grand Cape Mount,2026,,
youth_access,Grand Gedeh,2026,,
youth_access,Grand Kru,2026,,
youth_access,Lofa,2026,,
youth_access,Margibi,2026,,
youth_access,Maryland,2026,,
youth_access,Montserrado,2026,,
youth_access,Nimba,2026,,
youth_access,River Cess,2026,,
youth_access,River Gee,2026,,
youth_access,Sinoe,2026,,
cell_towers,Bomi,2026,,
cell_towers,Bong,2026,,
cell_towers,Gbarpolu,2026,,
cell_towers,Grand Bassa,2026,,
cell_towers,Grand Cape Mount,2026,,
cell_towers,Grand Gedeh,2026,,
cell_towers,Grand Kru,2026,,
cell_towers,Lofa,2026,,
cell_towers,Margibi,2026,,
cell_towers,Maryland,2026,,
cell_towers,Montserrado,2026,,
cell_towers,Nimba,2026,,
cell_towers,River Cess,2026,,
cell_towers,River Gee,2026,,
cell_towers,Sinoe,2026,,
fiber_coverage,Bomi,2026,,
fiber_coverage,Bong,2026,,
fiber_coverage,Gbarpolu,2026,,
fiber_coverage,Grand Bassa,2026,,
fiber_coverage,Grand Cape Mount,2026,,
fiber_coverage,Grand Gedeh,2026,,
fiber_coverage,Grand Kru,2026,,
fiber_coverage,Lofa,2026,,
fiber_coverage,Margibi,2026,,
fiber_coverage,Maryland,2026,,
fiber_coverage,Montserrado,2026,,
fiber_coverage,Nimba,2026,,
fiber_coverage,River Cess,2026,,
fiber_coverage,River Gee,2026,,
fiber_coverage,Sinoe,2026,,
broadband_points,Bomi,2026,,
broadband_points,Bong,2026,,
broadband_points,Gbarpolu,2026,,
broadband_points,Grand Bassa,2026,,
broadband_points,Grand Cape Mount,2026,,
broadband_points,Grand Gedeh,2026,,
broadband_points,Grand Kru,2026,,
broadband_points,Lofa,2026,,
broadband_points,Margibi,2026,,
broadband_points,Maryland,2026,,
broadband_points,Montserrado,2026,,
broadband_points,Nimba,2026,,
broadband_points,River Cess,2026,,
broadband_points,River Gee,2026,,
broadband_points,Sinoe,2026,,
mobile_network_coverage,Bomi,2026,,
mobile_network_coverage,Bong,2026,,
mobile_network_coverage,Gbarpolu,2026,,
mobile_network_coverage,Grand Bassa,2026,,
mobile_network_coverage,Grand Cape Mount,2026,,
mobile_network_coverage,Grand Gedeh,2026,,
mobile_network_coverage,Grand Kru,2026,,
mobile_network_coverage,Lofa,2026,,
mobile_network_coverage,Margibi,2026,,
mobile_network_coverage,Maryland,2026,,
mobile_network_coverage,Montserrado,2026,,
mobile_network_coverage,Nimba,2026,,
mobile_network_coverage,River Cess,2026,,
mobile_network_coverage,River Gee,2026,,
mobile_network_coverage,Sinoe,2026,,
school_connectivity,Bomi,2026,,
school_connectivity,Bong,2026,,
school_connectivity,Gbarpolu,2026,,
school_connectivity,Grand Bassa,2026,,
school_connectivity,Grand Cape Mount,2026,,
school_connectivity,Grand Gedeh,2026,,
school_connectivity,Grand Kru,2026,,
school_connectivity,Lofa,2026,,
school_connectivity,Margibi,2026,,
school_connectivity,Maryland,2026,,
school_connectivity,Montserrado,2026,,
school_connectivity,Nimba,2026,,
school_connectivity,River Cess,2026,,
school_connectivity,River Gee,2026,,
school_connectivity,Sinoe,2026,,
student_device_ratio,Bomi,2026,,
student_device_ratio,Bong,2026,,
student_device_ratio,Gbarpolu,2026,,
student_device_ratio,Grand Bassa,2026,,
student_device_ratio,Grand Cape Mount,2026,,
student_device_ratio,Grand Gedeh,2026,,
student_device_ratio,Grand Kru,2026,,
student_device_ratio,Lofa,2026,,
student_device_ratio,Margibi,2026,,
student_device_ratio,Maryland,2026,,
student_device_ratio,Montserrado,2026,,
student_device_ratio,Nimba,2026,,
student_device_ratio,River Cess,2026,,
student_device_ratio,River Gee,2026,,
student_device_ratio,Sinoe,2026,,
low_income_access,Bomi,2026,,
low_income_access,Bong,2026,,
low_income_access,Gbarpolu,2026,,
low_income_access,Grand Bassa,2026,,
low_income_access,Grand Cape Mount,2026,,
low_income_access,Grand Gedeh,2026,,
low_income_access,Grand Kru,2026,,
low_income_access,Lofa,2026,,
low_income_access,Margibi,2026,,
low_income_access,Maryland,2026,,
low_income_access,Montserrado,2026,,
low_income_access,Nimba,2026,,
low_income_access,River Cess,2026,,
low_income_access,River Gee,2026,,
low_income_access,Sinoe,2026,,
data_consumption,Bomi,2026,,
data_consumption,Bong,2026,,
data_consumption,Gbarpolu,2026,,
data_consumption,Grand Bassa,2026,,
data_consumption,Grand Cape Mount,2026,,
data_consumption,Grand Gedeh,2026,,
data_consumption,Grand Kru,2026,,
data_consumption,Lofa,2026,,
data_consumption,Margibi,2026,,
data_consumption,Maryland,2026,,
data_consumption,Montserrado,2026,,
data_consumption,Nimba,2026,,
data_consumption,River Cess,2026,,
data_consumption,River Gee,2026,,
data_consumption,Sinoe,2026,,
broadband_basket_price,Bomi,2026,,
broadband_basket_price,Bong,2026,,
broadband_basket_price,Gbarpolu,2026,,
broadband_basket_price,Grand Bassa,2026,,
broadband_basket_price,Grand Cape Mount,2026,,
broadband_basket_price,Grand Gedeh,2026,,
broadband_basket_price,Grand Kru,2026,,
broadband_basket_price,Lofa,2026,,
broadband_basket_price,Margibi,2026,,
broadband_basket_price,Maryland,2026,,
broadband_basket_price,Montserrado,2026,,
broadband_basket_price,Nimba,2026,,
broadband_basket_price,River Cess,2026,,
broadband_basket_price,River Gee,2026,,
broadband_basket_price,Sinoe,2026,,
mobile_basket_price,Bomi,2026,,
mobile_basket_price,Bong,2026,,
mobile_basket_price,Gbarpolu,2026,,
mobile_basket_price,Grand Bassa,2026,,
mobile_basket_price,Grand Cape Mount,2026,,
mobile_basket_price,Grand Gedeh,2026,,
mobile_basket_price,Grand Kru,2026,,
mobile_basket_price,Lofa,2026,,
mobile_basket_price,Margibi,2026,,
mobile_basket_price,Maryland,2026,,
mobile_basket_price,Montserrado,2026,,
mobile_basket_price,Nimba,2026,,
mobile_basket_price,River Cess,2026,,
mobile_basket_price,River Gee,2026,,
mobile_basket_price,Sinoe,2026,,
smartphone_ownership,Bomi,2026,,
smartphone_ownership,Bong,2026,,
smartphone_ownership,Gbarpolu,2026,,
smartphone_ownership,Grand Bassa,2026,,
smartphone_ownership,Grand Cape Mount,2026,,
smartphone_ownership,Grand Gedeh,2026,,
smartphone_ownership,Grand Kru,2026,,
smartphone_ownership,Lofa,2026,,
smartphone_ownership,Margibi,2026,,
smartphone_ownership,Maryland,2026,,
smartphone_ownership,Montserrado,2026,,
smartphone_ownership,Nimba,2026,,
smartphone_ownership,River Cess,2026,,
smartphone_ownership,River Gee,2026,,
smartphone_ownership,Sinoe,2026,,
ict_employment,Bomi,2026,,
ict_employment,Bong,2026,,
ict_employment,Gbarpolu,2026,,
ict_employment,Grand Bassa,2026,,
ict_employment,Grand Cape Mount,2026,,
ict_employment,Grand Gedeh,2026,,
ict_employment,Grand Kru,2026,,
ict_employment,Lofa,2026,,
ict_employment,Margibi,2026,,
ict_employment,Maryland,2026,,
ict_employment,Montserrado,2026,,
ict_employment,Nimba,2026,,
ict_employment,River Cess,2026,,
ict_employment,River Gee,2026,,
ict_employment,Sinoe,2026,,
sector_investment,Bomi,2026,,
sector_investment,Bong,2026,,
sector_investment,Gbarpolu,2026,,
sector_investment,Grand Bassa,2026,,
sector_investment,Grand Cape Mount,2026,,
sector_investment,Grand Gedeh,2026,,
sector_investment,Grand Kru,2026,,
sector_investment,Lofa,2026,,
sector_investment,Margibi,2026,,
sector_investment,Maryland,2026,,
sector_investment,Montserrado,2026,,
sector_investment,Nimba,2026,,
sector_investment,River Cess,2026,,
sector_investment,River Gee,2026,,
sector_investment,Sinoe,2026,,
ict_businesses,Bomi,2026,,
ict_businesses,Bong,2026,,
ict_businesses,Gbarpolu,2026,,
ict_businesses,Grand Bassa,2026,,
ict_businesses,Grand Cape Mount,2026,,
ict_businesses,Grand Gedeh,2026,,
ict_businesses,Grand Kru,2026,,
ict_businesses,Lofa,2026,,
ict_businesses,Margibi,2026,,
ict_businesses,Maryland,2026,,
ict_businesses,Montserrado,2026,,
ict_businesses,Nimba,2026,,
ict_businesses,River Cess,2026,,
ict_businesses,River Gee,2026,,
ict_businesses,Sinoe,2026,,
mobile_money_accounts,Bomi,2026,,
mobile_money_accounts,Bong,2026,,
mobile_money_accounts,Gbarpolu,2026,,
mobile_money_accounts,Grand Bassa,2026,,
mobile_money_accounts,Grand Cape Mount,2026,,
mobile_money_accounts,Grand Gedeh,2026,,
mobile_money_accounts,Grand Kru,2026,,
mobile_money_accounts,Lofa,2026,,
mobile_money_accounts,Margibi,2026,,
mobile_money_accounts,Maryland,2026,,
mobile_money_accounts,Montserrado,2026,,
mobile_money_accounts,Nimba,2026,,
mobile_money_accounts,River Cess,2026,,
mobile_money_accounts,River Gee,2026,,
mobile_money_accounts,Sinoe,2026,,
cyber_incidents_reported,Bomi,2026,,
cyber_incidents_reported,Bong,2026,,
cyber_incidents_reported,Gbarpolu,2026,,
cyber_incidents_reported,Grand Bassa,2026,,
cyber_incidents_reported,Grand Cape Mount,2026,,
cyber_incidents_reported,Grand Gedeh,2026,,
cyber_incidents_reported,Grand Kru,2026,,
cyber_incidents_reported,Lofa,2026,,
cyber_incidents_reported,Margibi,2026,,
cyber_incidents_reported,Maryland,2026,,
cyber_incidents_reported,Montserrado,2026,,
cyber_incidents_reported,Nimba,2026,,
cyber_incidents_reported,River Cess,2026,,
cyber_incidents_reported,River Gee,2026,,
cyber_incidents_reported,Sinoe,2026,,
data_protection_index,Bomi,2026,,
data_protection_index,Bong,2026,,
data_protection_index,Gbarpolu,2026,,
data_protection_index,Grand Bassa,2026,,
data_protection_index,Grand Cape Mount,2026,,
data_protection_index,Grand Gedeh,2026,,
data_protection_index,Grand Kru,2026,,
data_protection_index,Lofa,2026,,
data_protection_index,Margibi,2026,,
data_protection_index,Maryland,2026,,
data_protection_index,Montserrado,2026,,
data_protection_index,Nimba,2026,,
data_protection_index,River Cess,2026,,
data_protection_index,River Gee,2026,,
data_protection_index,Sinoe,2026,,
digital_id_coverage,Bomi,2026,,
digital_id_coverage,Bong,2026,,
digital_id_coverage,Gbarpolu,2026,,
digital_id_coverage,Grand Bassa,2026,,
digital_id_coverage,Grand Cape Mount,2026,,
digital_id_coverage,Grand Gedeh,2026,,
digital_id_coverage,Grand Kru,2026,,
digital_id_coverage,Lofa,2026,,
digital_id_coverage,Margibi,2026,,
digital_id_coverage,Maryland,2026,,
digital_id_coverage,Montserrado,2026,,
digital_id_coverage,Nimba,2026,,
digital_id_coverage,River Cess,2026,,
digital_id_coverage,River Gee,2026,,
digital_id_coverage,Sinoe,2026,,
egov_services_index,Bomi,2026,,
egov_services_index,Bong,2026,,
egov_services_index,Gbarpolu,2026,,
egov_services_index,Grand Bassa,2026,,
egov_services_index,Grand Cape Mount,2026,,
egov_services_index,Grand Gedeh,2026,,
egov_services_index,Grand Kru,2026,,
egov_services_index,Lofa,2026,,
egov_services_index,Margibi,2026,,
egov_services_index,Maryland,2026,,
egov_services_index,Montserrado,2026,,
egov_services_index,Nimba,2026,,
egov_services_index,River Cess,2026,,
egov_services_index,River Gee,2026,,
egov_services_index,Sinoe,2026,,
ewaste_collection_rate,Bomi,2026,,
ewaste_collection_rate,Bong,2026,,
ewaste_collection_rate,Gbarpolu,2026,,
ewaste_collection_rate,Grand Bassa,2026,,
ewaste_collection_rate,Grand Cape Mount,2026,,
ewaste_collection_rate,Grand Gedeh,2026,,
ewaste_collection_rate,Grand Kru,2026,,
ewaste_collection_rate,Lofa,2026,,
ewaste_collection_rate,Margibi,2026,,
ewaste_collection_rate,Maryland,2026,,
ewaste_collection_rate,Montserrado,2026,,
ewaste_collection_rate,Nimba,2026,,
ewaste_collection_rate,River Cess,2026,,
ewaste_collection_rate,River Gee,2026,,
ewaste_collection_rate,Sinoe,2026,,
ewaste_generated,Bomi,2026,,
ewaste_generated,Bong,2026,,
ewaste_generated,Gbarpolu,2026,,
ewaste_generated,Grand Bassa,2026,,
ewaste_generated,Grand Cape Mount,2026,,
ewaste_generated,Grand Gedeh,2026,,
ewaste_generated,Grand Kru,2026,,
ewaste_generated,Lofa,2026,,
ewaste_generated,Margibi,2026,,
ewaste_generated,Maryland,2026,,
ewaste_generated,Montserrado,2026,,
ewaste_generated,Nimba,2026,,
ewaste_generated,River Cess,2026,,
ewaste_generated,River Gee,2026,,
ewaste_generated,Sinoe,2026,,
ict_renewable_energy,Bomi,2026,,
ict_renewable_energy,Bong,2026,,
ict_renewable_energy,Gbarpolu,2026,,
ict_renewable_energy,Grand Bassa,2026,,
ict_renewable_energy,Grand Cape Mount,2026,,
ict_renewable_energy,Grand Gedeh,2026,,
ict_renewable_energy,Grand Kru,2026,,
ict_renewable_energy,Lofa,2026,,
ict_renewable_energy,Margibi,2026,,
ict_renewable_energy,Maryland,2026,,
ict_renewable_energy,Montserrado,2026,,
ict_renewable_energy,Nimba,2026,,
ict_renewable_energy,River Cess,2026,,
ict_renewable_energy,River Gee,2026,,
ict_renewable_energy,Sinoe,2026,,
