domain,indicator_code,indicator_name,unit,access_tier,collection_channel,source_agency,reporting_frequency,how_to_collect
Connectivity,mobile_broadband_subs,Active mobile-broadband subscriptions,per 100 people,public,Operator feed,LTA (operator returns),Biennial,"Active 3G+ data subscriptions from operators, per 100 inhabitants."
Connectivity,fixed_broadband_subs,Fixed broadband subscriptions,per 100 people,public,Operator feed,LTA / ISPs,Biennial,"Fixed (wired) broadband subscriber counts filed by ISPs, per 100 inhabitants."
Connectivity,gender_access_gap,Gender access gap,percentage points,public,Survey,LISGIS,Annual,Household survey — male minus female internet-use rate (percentage points).
Connectivity,internet_penetration,Internet penetration,% of population,public,Survey,LISGIS / LTA,Annual,"National household ICT survey — individuals using the internet in the last 3 months, per county."
Connectivity,mobile_subscriptions,Mobile-cellular subscriptions,per 100 people,public,Operator feed,LTA (operator returns),Annual,"Active mobile-cellular SIM counts from operators, normalized per 100 inhabitants."
Connectivity,rural_connectivity,Rural connectivity,% of rural population,public,Survey,LISGIS,Annual,"Household survey, rural enumeration areas — share with regular internet access."
Connectivity,urban_connectivity,Urban connectivity,% of urban population,public,Survey,LISGIS,Annual,"Household survey, urban enumeration areas — share with regular internet access."
Connectivity,youth_access,Youth access (15–24),% of age group,registered,Survey,LISGIS,Biennial,"Household survey, ages 15–24 — internet use in the age group."
Access & Infrastructure,cell_towers,Cell tower density,"towers per 1,000 km²",public,Operator feed,LTA site registry,Annual,"Active macro cell sites from the site registry, divided by county land area (per 1,000 km²)."
Access & Infrastructure,fiber_coverage,Fiber backbone coverage,% of districts,public,Manual upload,LTA / MoPT backbone unit,Biennial,Backbone route survey — share of administrative districts within 10 km of the fiber backbone.
Access & Infrastructure,broadband_points,Fixed broadband access points,access points,public,Operator feed,LTA / ISPs,Annual,"Registered fixed broadband access points (ISP POPs, public access sites) — absolute count per county."
Access & Infrastructure,mobile_network_coverage,Population covered by 4G,% of population,public,Operator feed,LTA / operators,Biennial,Operator 4G coverage-engineering polygons overlaid on the population grid; share of population covered.
Access & Infrastructure,school_connectivity,Schools connected to the internet,% of schools,registered,Manual upload,Ministry of Education (EMIS),Annual,EMIS school census — share of primary/secondary schools with a working internet connection.
Access & Infrastructure,student_device_ratio,Students per learning device,students per device,registered,Manual upload,Ministry of Education (EMIS),Annual,"School census — enrolment divided by internet-capable learning devices, in connected schools."
Affordability,low_income_access,Access — lowest income band,% of band,stakeholder,Survey,LISGIS,Biennial,Household survey — internet use within the lowest household-income quintile.
Affordability,data_consumption,Average data consumption,GB / user / month,registered,Operator feed,LTA / operators,Annual,Aggregate mobile data traffic divided by active data subscribers (GB per user per month).
Affordability,broadband_basket_price,Fixed-broadband basket,% of GNI per capita,public,Manual upload,LTA tariffs + LISGIS income,Annual,Priced entry-level fixed-broadband basket as a % of GNI per capita.
Affordability,mobile_basket_price,Mobile data-and-voice basket,% of GNI per capita,public,Manual upload,LTA tariffs + LISGIS income,Biennial,Priced entry-level mobile data-and-voice basket as a % of GNI per capita (county income from survey).
Affordability,smartphone_ownership,Smartphone ownership,% of adults,public,Survey,LISGIS,Biennial,Household survey device-ownership module — adults owning an internet-capable smartphone.
Market Structure,ict_employment,ICT sector employment,jobs,registered,Manual upload,MoPT / sector returns,Annual,Formal employment reported by registered ICT businesses — job counts per county.
Market Structure,sector_investment,ICT sector investment,US$ millions / yr,stakeholder,Manual upload,MoPT,Biennial,Disclosed annual public + private ICT investment (US$ millions).
Market Structure,ict_businesses,Registered ICT businesses,businesses,public,Manual upload,MoPT / business registry,Biennial,National business registry filtered to ICT-sector businesses — absolute count per county.
Market Structure,mobile_money_accounts,Registered mobile money accounts,per 100 adults,public,Manual upload,Central Bank of Liberia,Biennial,"Registered mobile-money accounts from CBL reporting, per 100 adults."
Trust & Governance,cyber_incidents_reported,Cybersecurity incidents reported,incidents / yr,stakeholder,Manual upload,National CERT,Biennial,Cybersecurity incidents formally reported to the national CERT (count per year).
Trust & Governance,data_protection_index,Data protection framework score,index (0–100),public,Manual upload,ICT Statistics & Policy Unit,Biennial,Annual expert scoring (0–100) of data-protection laws and institutional capacity in force. National figure applied to counties.
Trust & Governance,digital_id_coverage,Digital ID coverage,% of adults,public,Manual upload,National ID authority,Annual,"Registered digital/national IDs usable online, divided by adult population."
Trust & Governance,egov_services_index,E-government services score,index (0–100),registered,Manual upload,ICT Statistics & Policy Unit,Annual,Structured audit (0–100) of government services available online. National figure applied to counties.
Sustainability,ewaste_collection_rate,E-waste formally collected,% of e-waste generated,public,Manual upload,EPA / registered recyclers,Biennial,Formally collected/recycled e-waste tonnage divided by e-waste generated (%).
Sustainability,ewaste_generated,E-waste generated,kg per capita,public,Manual upload,EPA / MoPT,Biennial,Device import/take-back registry modelled to kg of e-waste generated per capita.
Sustainability,ict_renewable_energy,ICT sector renewable electricity,% of ICT electricity use,registered,Manual upload,EPA + operators,Annual,Share of ICT-sector electricity consumption sourced from renewables (%).
